Datamanager	product
Fox515t	product
Fox515t	product
Firmware	product
Interlink	product
Module	product
Irc5	product
Opc	product
Server	product
Panel	product
Builder	product
800	product
Pc	product
Sdk	product
Pcm600	product
Pcu400	product
Pickmaster	product
3	product
Pickmaster	product
5	product
Quickteach	product
Robot	product
Communications	product
Runtime	product
Robotstudio	product
Robotstudio	product
Lite	product
Robotstudio	product
S4	product
Robview	product
5	product
S4	product
Opc	product
Server	product
Test	product
Signal	product
Viewer	product
Vsn300	product
Vsn300	product
Firmware	product
Vsn300	product
For	product
React	product
Vsn300	product
For	product
React	product
Firmware	product
Webware	product
Sdk	product
Webware	product
Server	product
S110	product
W.	product
Pn	product
 	O
3568i	product
Wap	product
 	O
7km	product
Pac	product
Switched	product
Ethernet	product
Profinet	product
Expansion	product
Module	product
 	O
7km	product
Pac	product
Switched	product
Ethernet	product
Profinet	product
Expansion	product
Module	product
Firmware	product
 	O
7kt	product
Pac1200	product
Data	product
Manager	product
 	O
Apogee	product
Insight	product
 	O
Apogee	product
Pxc	product
Bacnet	product
Automation	product
Controller	product
 	O
Automation	product
License	product
Manager	product
 	O
Cardos	product
 	O
Ccid1445-dn18	product
 	O
Ccid1445-dn18	product
Firmware	product
 	O
Ccid1445-dn28	product
 	O
Ccid1445-dn28	product
Firmware	product
 	O
Ccid1445-dn36	product
 	O
Ccid1445-dn36	product
Firmware	product
 	O
Ccis1425	product
 	O
Ccis1425	product
Firmware	product
 	O
Ccmd3025-dn18	product
 	O
Ccmd3025-dn18	product
Firmware	product
 	O
Ccms2025	product
 	O
Ccms2025	product
Firmware	product
 	O
Ccmw1025	product
 	O
Ccmw1025	product
Firmware	product
 	O
Ccmw3025	product
 	O
Ccmw3025	product
Firmware	product
 	O
Ccpw3025	product
 	O
Ccpw3025	product
Firmware	product
 	O
Cfis1425	product
 	O
Cfis1425	product
Firmware	product
 	O
Cfms2025	product
 	O
Cfms2025	product
Firmware	product
 	O
Cfmw1025	product
 	O
Cfmw1025	product
Firmware	product
 	O
Cfmw3025	product
 	O
Cfmw3025	product
Firmware	product
 	O
Climatix	product
Bacnet/ip	product
 	O
Comos	product
 	O
Compas	product
 	O
Cp	product
1604	product
 	O
Cp	product
1604	product
Firmware	product
 	O
Cp	product
1616	product
 	O
Cp	product
1616	product
Firmware	product
 	O
Cvms2025-ir	product
 	O
Cvms2025-ir	product
Firmware	product
 	O
Cvmw3025-ir	product
 	O
Cvmw3025-ir	product
Firmware	product
 	O
Desigo	product
Web	product
Module	product
Pxa30-w0	product
 	O
Desigo	product
Web	product
Module	product
Pxa30-w0	product
Firmware	product
 	O
Desigo	product
Web	product
Module	product
Pxa30-w1	product
 	O
Desigo	product
Web	product
Module	product
Pxa30-w1	product
Firmware	product
 	O
Desigo	product
Web	product
Module	product
Pxa30-w2	product
 	O
Desigo	product
Web	product
Module	product
Pxa30-w2	product
Firmware	product
 	O
Desigo	product
Web	product
Module	product
Pxa40-w0	product
 	O
Desigo	product
Web	product
Module	product
Pxa40-w0	product
Firmware	product
 	O
Desigo	product
Web	product
Module	product
Pxa40-w1	product
 	O
Desigo	product
Web	product
Module	product
Pxa40-w1	product
Firmware	product
 	O
Desigo	product
Web	product
Module	product
Pxa40-w2	product
 	O
Desigo	product
Web	product
Module	product
Pxa40-w2	product
Firmware	product
 	O
Dk	product
Standard	product
Ethernet	product
Controller	product
 	O
Dk	product
Standard	product
Ethernet	product
Controller	product
Firmware	product
 	O
Ek-ertec	product
200	product
Pn	product
Io	product
 	O
Ek-ertec	product
200	product
Pn	product
Io	product
Firmware	product
 	O
Ek-ertec	product
200p	product
 	O
Ek-ertec	product
200p	product
Pn	product
Io	product
 	O
Ek-ertec	product
200p	product
Pn	product
Io	product
Firmware	product
 	O
Ek-ertec	product
200pn	product
Io	product
 	O
Ek-ertec	product
200pn	product
Io	product
Firmware	product
 	O
En100	product
Ethernet	product
Module	product
 	O
En100	product
Ethernet	product
Module	product
Firmware	product
 	O
Enterprise	product
Openscape	product
Branch	product
 	O
Eta2	product
Firmware	product
 	O
Eta4	product
Firmware	product
 	O
Gigaset	product
C450	product
Ip	product
 	O
Gigaset	product
C475	product
Ip	product
 	O
Gigaset	product
Se361	product
Wlan	product
Router	product
 	O
Gigaset	product
Se461	product
Wimax	product
Router	product
 	O
Gigaset	product
Wlan	product
Camera	product
 	O
Hinet	product
Lp	product
 	O
Homecontrol	product
For	product
Room	product
Automation	product
 	O
Ie/as-i	product
Link	product
Pn	product
Io	product
 	O
Ie/as-i	product
Link	product
Pn	product
Io	product
Firmware	product
 	O
Ie/pb-link	product
 	O
Ie/pb-link	product
Firmware	product
 	O
Logo!	product
 	O
Logo!8	product
Bm	product
Firmware	product
 	O
Logo!8	product
Bm	product
Fs-05	product
 	O
Logo!8	product
Bm	product
Fs-05	product
Firmware	product
 	O
M45	product
 	O
Openscape	product
Session	product
Border	product
Controller	product
 	O
Ozw672	product
 	O
Ozw672	product
Firmware	product
 	O
Ozw772	product
 	O
Ozw772	product
Firmware	product
 	O
Pcs	product
7	product
 	O
Pn/pn	product
Coupler	product
 	O
Pn/pn	product
Coupler	product
Firmware	product
 	O
Primary	product
Setup	product
Tool	product
 	O
Processsuite	product
 	O
Pxc00/50/100/200-e.d	product
 	O
Pxc00/64/128-u	product
 	O
Pxc001-e.d	product
 	O
Pxc12/22/36-e.d	product
 	O
Pxm20-e	product
 	O
Reliant	product
Unix	product
 	O
ROS	product
 	O
Rox	product
I	product
Os	product
 	O
Rox	product
Ii	product
Os	product
 	O
Ruggedcom	product
 	O
Ruggedcom	product
Firmware	product
 	O
Ruggedcom	product
Network	product
Management	product
Software	product
 	O
Ruggedcom	product
Rox	product
I	product
 	O
Ruggedcom	product
Rsl910	product
 	O
Ruggedcom	product
Rugged	product
Operating	product
System	product
 	O
Ruggedcom	product
Rugged	product
Operating	product
System	product
On	product
Linux	product
Ii	product
 	O
Ruggedcom	product
Win5100	product
 	O
Ruggedcom	product
Win5200	product
 	O
Ruggedcom	product
Win7000	product
 	O
Ruggedcom	product
Win7200	product
 	O
Ruggedmax	product
Os	product
 	O
S45	product
 	O
S55	product
 	O
Santis	product
50	product
 	O
Scalance	product
M-800	product
 	O
Scalance	product
M-800	product
Firmware	product
 	O
Scalance	product
S	product
Firmware	product
 	O
Scalance	product
S602	product
 	O
Scalance	product
S612	product
 	O
Scalance	product
S613	product
 	O
Scalance	product
S615	product
 	O
Scalance	product
S615	product
Firmware	product
 	O
Scalance	product
W700	product
 	O
Scalance	product
W700	product
Firmware	product
 	O
Scalance	product
W700	product
Series	product
Firmware	product
 	O
Scalance	product
W744-1	product
 	O
Scalance	product
W744-1pro	product
 	O
Scalance	product
W746-1	product
 	O
Scalance	product
W746-1pro	product
 	O
Scalance	product
W747-1	product
 	O
Scalance	product
W747-1rr	product
 	O
Scalance	product
W784-1	product
 	O
Scalance	product
W784-1rr	product
 	O
Scalance	product
W786-1pro	product
 	O
Scalance	product
W786-2pro	product
 	O
Scalance	product
W786-2rr	product
 	O
Scalance	product
W786-3pro	product
 	O
Scalance	product
W788-1pro	product
 	O
Scalance	product
W788-1rr	product
 	O
Scalance	product
W788-2pro	product
 	O
Scalance	product
W788-2rr	product
 	O
Scalance	product
X-200	product
 	O
Scalance	product
X-200	product
Series	product
Firmware	product
 	O
Scalance	product
X-200irt	product
 	O
Scalance	product
X-200rna	product
 	O
Scalance	product
X-300	product
 	O
Scalance	product
X-300	product
Firmware	product
 	O
Scalance	product
X-300	product
Series	product
Firmware	product
 	O
Scalance	product
X-300eec	product
 	O
Scalance	product
X-300eec	product
Firmware	product
 	O
Scalance	product
X-300poe	product
 	O
Scalance	product
X-408	product
 	O
Scalance	product
X-408	product
Firmware	product
 	O
Scalance	product
X200	product
 	O
Scalance	product
X200	product
Firmware	product
 	O
Scalance	product
X200	product
Irt	product
 	O
Scalance	product
X200	product
Irt	product
Firmware	product
 	O
Scalance	product
X200-4p	product
Irt	product
 	O
Scalance	product
X200irt	product
Firmware	product
 	O
Scalance	product
X201-3p	product
Irt	product
 	O
Scalance	product
X201-3p	product
Irt	product
Pro	product
 	O
Scalance	product
X201-3pirt	product
 	O
Scalance	product
X202-2irt	product
 	O
Scalance	product
X202-2p	product
Irt	product
 	O
Scalance	product
X202-2p	product
Irt	product
Pro	product
 	O
Scalance	product
X202-4p	product
Irt	product
 	O
Scalance	product
X204irt	product
 	O
Scalance	product
X204irt	product
Pro	product
 	O
Scalance	product
X300	product
 	O
Scalance	product
X300	product
Firmware	product
 	O
Scalance	product
X308-2m	product
 	O
Scalance	product
X308-2m	product
Firmware	product
 	O
Scalance	product
X408	product
 	O
Scalance	product
X408	product
Firmware	product
 	O
Scalance	product
X414	product
 	O
Scalance	product
X414	product
Firmware	product
 	O
Scalance	product
X414-3e	product
 	O
Scalance	product
X414-3e	product
Firmware	product
 	O
Scalance	product
Xb-200	product
 	O
Scalance	product
Xc-200	product
 	O
Scalance	product
Xf-200	product
 	O
Scalance	product
Xf204irt	product
 	O
Scalance	product
Xm-400	product
 	O
Scalance	product
Xm400	product
 	O
Scalance	product
Xm400	product
Firmware	product
 	O
Scalance	product
Xp-200	product
 	O
Scalance	product
Xr-300	product
 	O
Scalance	product
Xr-300	product
Firmware	product
 	O
Scalance	product
Xr-300eec	product
 	O
Scalance	product
Xr-300poe	product
 	O
Scalance	product
Xr-500	product
 	O
Scalance	product
Xr300-wg	product
 	O
Scalance	product
Xr500	product
 	O
Scalance	product
Xr500	product
Firmware	product
 	O
Security	product
Configuration	product
Tool	product
 	O
Sicam	product
Ak	product
 	O
Sicam	product
Ak	product
3	product
 	O
Sicam	product
Bc	product
 	O
Sicam	product
Bc	product
1703	product
 	O
Sicam	product
Mic	product
 	O
Sicam	product
Mic	product
Firmware	product
 	O
Sicam	product
Pas	product
 	O
Sicam	product
Tm	product
 	O
Sicam	product
Tm	product
1703	product
 	O
Simatic	product
Automation	product
Tool	product
 	O
Simatic	product
Batch	product
 	O
Simatic	product
Cfc	product
 	O
Simatic	product
Cm	product
1542-1	product
 	O
Simatic	product
Cm	product
1542-1	product
Firmware	product
 	O
Simatic	product
Compact	product
Field	product
Unit	product
 	O
Simatic	product
Compact	product
Field	product
Unit	product
Firmware	product
 	O
Simatic	product
Cp	product
1243-1	product
 	O
Simatic	product
Cp	product
1243-1	product
Firmware	product
 	O
Simatic	product
Cp	product
1542sp-1	product
 	O
Simatic	product
Cp	product
1542sp-1	product
Firmware	product
 	O
Simatic	product
Cp	product
1542sp-1	product
Irc	product
 	O
Simatic	product
Cp	product
1542sp-1	product
Irc	product
Firmware	product
 	O
Simatic	product
Cp	product
1543-1	product
 	O
Simatic	product
Cp	product
1543-1	product
Firmware	product
 	O
Simatic	product
Cp	product
1543sp-1	product
 	O
Simatic	product
Cp	product
1543sp-1	product
Firmware	product
 	O
Simatic	product
Cp	product
1604	product
 	O
Simatic	product
Cp	product
1604	product
Firmware	product
 	O
Simatic	product
Cp	product
1616	product
 	O
Simatic	product
Cp	product
1616	product
Firmware	product
 	O
Simatic	product
Cp	product
343-1	product
 	O
Simatic	product
Cp	product
343-1	product
Adv	product
 	O
Simatic	product
Cp	product
343-1	product
Adv	product
Firmware	product
 	O
Simatic	product
Cp	product
343-1	product
Firmware	product
 	O
Simatic	product
Cp	product
343-1	product
Lean	product
 	O
Simatic	product
Cp	product
343-1	product
Lean	product
Firmware	product
 	O
Simatic	product
Cp	product
343-1	product
Std	product
 	O
Simatic	product
Cp	product
343-1	product
Std	product
Firmware	product
 	O
Simatic	product
Cp	product
443-1	product
 	O
Simatic	product
Cp	product
443-1	product
Adv	product
 	O
Simatic	product
Cp	product
443-1	product
Adv	product
Firmware	product
 	O
Simatic	product
Cp	product
443-1	product
Firmware	product
 	O
Simatic	product
Cp	product
443-1	product
Opc-ua	product
 	O
Simatic	product
Cp	product
443-1	product
Opc-ua	product
Firmware	product
 	O
Simatic	product
Cp	product
443-1	product
Std	product
 	O
Simatic	product
Cp	product
443-1	product
Std	product
Firmware	product
 	O
Simatic	product
Cp	product
44x-1	product
Redundant	product
Network	product
Access	product
Modules	product
 	O
Simatic	product
Dk-16xx	product
Pn	product
Io	product
 	O
Simatic	product
Dk-16xx	product
Pn	product
Io	product
Firmware	product
 	O
Simatic	product
Et	product
200al	product
 	O
Simatic	product
Et	product
200al	product
Firmware	product
 	O
Simatic	product
Et	product
200ecopn	product
 	O
Simatic	product
Et	product
200ecopn	product
Firmware	product
 	O
Simatic	product
Et	product
200m	product
 	O
Simatic	product
Et	product
200m	product
Firmware	product
 	O
Simatic	product
Et	product
200mp	product
 	O
Simatic	product
Et	product
200mp	product
Firmware	product
 	O
Simatic	product
Et	product
200pro	product
 	O
Simatic	product
Et	product
200pro	product
Firmware	product
 	O
Simatic	product
Et	product
200s	product
 	O
Simatic	product
Et	product
200s	product
Firmware	product
 	O
Simatic	product
Et	product
200sp	product
 	O
Simatic	product
Et	product
200sp	product
Firmware	product
 	O
Simatic	product
Hmi	product
Basic	product
Panels	product
Generation	product
1	product
 	O
Simatic	product
Hmi	product
Basic	product
Panels	product
Generation	product
2	product
 	O
Simatic	product
Hmi	product
Comfort	product
Panels	product
 	O
Simatic	product
Hmi	product
Comfort	product
Panels	product
 	O
Simatic	product
Hmi	product
Mobile	product
Panel	product
277	product
 	O
Simatic	product
Hmi	product
Mobile	product
Panels	product
 	O
Simatic	product
Hmi	product
Mobile	product
Panels	product
 	O
Simatic	product
Hmi	product
Multi	product
Panels	product
 	O
Simatic	product
Hmi	product
Multi	product
Panels	product
 	O
Simatic	product
Hmi	product
Panels	product
 	O
Simatic	product
It	product
Production	product
Suite	product
 	O
Simatic	product
Logon	product
 	O
Simatic	product
Net	product
Pc	product
Software	product
 	O
Simatic	product
Net	product
Pc-software	product
 	O
Simatic	product
Openpcs	product
7	product
 	O
Simatic	product
Pcs	product
7	product
 	O
Simatic	product
Pcs7	product
 	O
Simatic	product
Pn/pn	product
Coupler	product
 	O
Simatic	product
Pn/pn	product
Coupler	product
Firmware	product
 	O
Simatic	product
Prosave	product
 	O
Simatic	product
Rf-manager	product
 	O
Simatic	product
Rf-manager	product
2008	product
 	O
Simatic	product
Rf650r	product
 	O
Simatic	product
Rf650r	product
Firmware	product
 	O
Simatic	product
Rf680r	product
 	O
Simatic	product
Rf680r	product
Firmware	product
 	O
Simatic	product
Rf685r	product
 	O
Simatic	product
Rf685r	product
Firmware	product
 	O
Simatic	product
S7	product
1200	product
Cpu	product
 	O
Simatic	product
S7	product
1200	product
Cpu	product
Firmware	product
 	O
Simatic	product
S7	product
300	product
Cpu	product
 	O
Simatic	product
S7	product
300	product
Cpu	product
Firmware	product
 	O
Simatic	product
S7	product
400	product
Cpu	product
 	O
Simatic	product
S7	product
400	product
Cpu	product
Firmware	product
 	O
Simatic	product
S7	product
Cpu	product
1200	product
Firmware	product
 	O
Simatic	product
S7	product
Cpu	product
1212c	product
 	O
Simatic	product
S7	product
Cpu	product
1214c	product
 	O
Simatic	product
S7	product
Cpu	product
1215c	product
 	O
Simatic	product
S7	product
Cpu	product
1217c	product
 	O
Simatic	product
S7	product
Cpu-1211c	product
 	O
Simatic	product
S7-1200	product
 	O
Simatic	product
S7-1200	product
Firmware	product
 	O
Simatic	product
S7-1200	product
Plc	product
 	O
Simatic	product
S7-1500	product
 	O
Simatic	product
S7-1500	product
Controller	product
 	O
Simatic	product
S7-1500	product
Controller	product
Firmware	product
 	O
Simatic	product
S7-1500	product
Cpu	product
 	O
Simatic	product
S7-1500	product
Cpu	product
Firmware	product
 	O
Simatic	product
S7-1500	product
Firmware	product
 	O
Simatic	product
S7-1500	product
Software	product
Controller	product
 	O
Simatic	product
S7-1500	product
Software	product
Controller	product
Firmware	product
 	O
Simatic	product
S7-1511-1	product
Pn	product
Cpu	product
 	O
Simatic	product
S7-1511c-1	product
Pn	product
Cpu	product
 	O
Simatic	product
S7-1511f-1	product
Pn	product
Cpu	product
 	O
Simatic	product
S7-1512c-1	product
Pn	product
Cpu	product
 	O
Simatic	product
S7-1513-1	product
Pn	product
Cpu	product
 	O
Simatic	product
S7-1513f-1	product
Pn	product
Cpu	product
 	O
Simatic	product
S7-1515-2	product
Pn	product
Cpu	product
 	O
Simatic	product
S7-1515f-2	product
Pn	product
Cpu	product
 	O
Simatic	product
S7-1516-3	product
Pn/dp	product
Cpu	product
 	O
Simatic	product
S7-1516-3	product
Pn\/dp	product
Cpu	product
 	O
Simatic	product
S7-1516f-3	product
Pn/dp	product
Cpu	product
 	O
Simatic	product
S7-1516f-3	product
Pn\/dp	product
Cpu	product
 	O
Simatic	product
S7-1517-3	product
Pn/dp	product
Cpu	product
 	O
Simatic	product
S7-1517-3	product
Pn\/dp	product
Cpu	product
 	O
Simatic	product
S7-1517f-3	product
Pn/dp	product
Cpu	product
 	O
Simatic	product
S7-1517f-3	product
Pn\/dp	product
Cpu	product
 	O
Simatic	product
S7-1518-4	product
Pn/dp	product
Cpu	product
 	O
Simatic	product
S7-1518-4	product
Pn\/dp	product
Cpu	product
 	O
Simatic	product
S7-1518f-4	product
Pn/dp	product
Cpu	product
 	O
Simatic	product
S7-1518f-4	product
Pn\/dp	product
Cpu	product
 	O
Simatic	product
S7-200	product
 	O
Simatic	product
S7-200	product
Smart	product
 	O
Simatic	product
S7-200	product
Smart	product
Firmware	product
 	O
Simatic	product
S7-300	product
 	O
Simatic	product
S7-300	product
Cpu	product
 	O
Simatic	product
S7-300	product
Cpu	product
312	product
 	O
Simatic	product
S7-300	product
Cpu	product
314	product
 	O
Simatic	product
S7-300	product
Cpu	product
315-2	product
Dp	product
 	O
Simatic	product
S7-300	product
Cpu	product
315-2	product
Pn/dp	product
 	O
Simatic	product
S7-300	product
Cpu	product
317-	product
2	product
Dp	product
 	O
Simatic	product
S7-300	product
Cpu	product
317-2	product
Pn/dp	product
 	O
Simatic	product
S7-300	product
Cpu	product
319-3	product
Pn/dp	product
 	O
Simatic	product
S7-300	product
Cpu	product
Firmware	product
 	O
Simatic	product
S7-300	product
Firmware	product
 	O
Simatic	product
S7-300	product
With	product
Profitnet	product
Support	product
 	O
Simatic	product
S7-300	product
With	product
Profitnet	product
Support	product
Firmware	product
 	O
Simatic	product
S7-300	product
Without	product
Profitnet	product
Support	product
 	O
Simatic	product
S7-300	product
Without	product
Profitnet	product
Support	product
Firmware	product
 	O
Simatic	product
S7-400	product
 	O
Simatic	product
S7-400	product
Cpu	product
412-1	product
 	O
Simatic	product
S7-400	product
Cpu	product
412-2	product
 	O
Simatic	product
S7-400	product
Cpu	product
412-2	product
Pn	product
 	O
Simatic	product
S7-400	product
Cpu	product
414-2	product
 	O
Simatic	product
S7-400	product
Cpu	product
414-3	product
 	O
Simatic	product
S7-400	product
Cpu	product
414-3	product
Pn/dp	product
 	O
Simatic	product
S7-400	product
Cpu	product
414f-3	product
Pn/dp	product
 	O
Simatic	product
S7-400	product
Cpu	product
416-2	product
 	O
Simatic	product
S7-400	product
Cpu	product
416-3	product
 	O
Simatic	product
S7-400	product
Cpu	product
416-3	product
Pn/dp	product
 	O
Simatic	product
S7-400	product
Cpu	product
416f-2	product
 	O
Simatic	product
S7-400	product
Cpu	product
416f-3	product
Pn/dp	product
 	O
Simatic	product
S7-400	product
Cpu	product
417-4	product
 	O
Simatic	product
S7-400	product
Cpu	product
Firmware	product
 	O
Simatic	product
S7-400	product
Firmware	product
 	O
Simatic	product
S7-400h	product
V6	product
 	O
Simatic	product
S7-400pn	product
V6	product
 	O
Simatic	product
S7-400pn/dp	product
V7	product
 	O
Simatic	product
S7-400pn/dp	product
V7	product
Firmware	product
 	O
Simatic	product
S7-410	product
V8	product
 	O
Simatic	product
S7-410	product
V8	product
Firmware	product
 	O
Simatic	product
Step	product
7	product
 	O
Simatic	product
Step	product
7	product
(tia	product
Portal)	product
 	O
Simatic	product
Step	product
7	product
Micro/win	product
Smart	product
 	O
Simatic	product
Teleservice	product
Adapter	product
Ie	product
Advanced	product
Modem	product
 	O
Simatic	product
Teleservice	product
Adapter	product
Ie	product
Advanced	product
Modem	product
Firmware	product
 	O
Simatic	product
Teleservice	product
Adapter	product
Ie	product
Basic	product
Modem	product
 	O
Simatic	product
Teleservice	product
Adapter	product
Ie	product
Basic	product
Modem	product
Firmware	product
 	O
Simatic	product
Teleservice	product
Adapter	product
Standard	product
Modem	product
 	O
Simatic	product
Teleservice	product
Adapter	product
Standard	product
Modem	product
Firmware	product
 	O
Simatic	product
Tiaportal	product
 	O
Simatic	product
Tim	product
3v-ie	product
 	O
Simatic	product
Tim	product
3v-ie	product
Firmware	product
 	O
Simatic	product
Tim	product
4r-ie	product
 	O
Simatic	product
Tim	product
4r-ie	product
Firmware	product
 	O
Simatic	product
Winac	product
Rtx	product
2010	product
 	O
Simatic	product
Winac	product
Rtx	product
2010	product
 	O
Simatic	product
Winac	product
Rtx	product
2010	product
Firmware	product
 	O
Simatic	product
Winac	product
Rtx	product
F	product
2010	product
 	O
Simatic	product
Winac	product
Rtx	product
F	product
2010	product
 	O
Simatic	product
Winac	product
Rtx	product
F	product
2010	product
Firmware	product
 	O
Simatic	product
Wincc	product
 	O
Simatic	product
Wincc	product
(tia	product
Portal)	product
 	O
Simatic	product
Wincc	product
Flexible	product
2008	product
 	O
Simatic	product
Wincc	product
Flexible	product
Runtime	product
 	O
Simatic	product
Wincc	product
Open	product
Architecture	product
 	O
Simatic	product
Wincc	product
Runtime	product
 	O
Simatic	product
Wincc	product
Runtime	product
Professional	product
 	O
Simatic	product
Wincc	product
Sm@rtclient	product
 	O
Simatic	product
Wincc	product
Sm@rtclient	product
Lite	product
 	O
Simit	product
 	O
Simocode	product
Pro	product
V	product
Profinet	product
 	O
Simocode	product
Pro	product
V	product
Profinet	product
Firmware	product
 	O
Simotion	product
 	O
Simotion	product
C	product
 	O
Simotion	product
C	product
Firmware	product
 	O
Simotion	product
D	product
 	O
Simotion	product
D	product
Firmware	product
 	O
Simotion	product
Firmware	product
 	O
Simotion	product
P	product
 	O
Simotion	product
P	product
Firmware	product
 	O
Simotion	product
Scout	product
 	O
Sinamics	product
S110	product
W.	product
Pn	product
Firmware	product
 	O
Sinamics	product
Dcm	product
 	O
Sinamics	product
Dcm	product
Firmware	product
 	O
Sinamics	product
Dcp	product
 	O
Sinamics	product
Dcp	product
Firmware	product
 	O
Sinamics	product
G110	product
 	O
Sinamics	product
G110d	product
 	O
Sinamics	product
G110m	product
 	O
Sinamics	product
G110m	product
Firmware	product
 	O
Sinamics	product
G110m/g120pn	product
 	O
Sinamics	product
G110m/g120pn	product
Firmware	product
 	O
Sinamics	product
G120	product
 	O
Sinamics	product
G120(c/p/d)	product
W.	product
Pn	product
 	O
Sinamics	product
G120(c/p/d)	product
W.	product
Pn	product
Firmware	product
 	O
Sinamics	product
G120c	product
 	O
Sinamics	product
G120d	product
 	O
Sinamics	product
G120p	product
 	O
Sinamics	product
G130	product
 	O
Sinamics	product
G130	product
Firmware	product
 	O
Sinamics	product
G150	product
 	O
Sinamics	product
G150	product
Firmware	product
 	O
Sinamics	product
G180	product
 	O
Sinamics	product
S/g	product
Family	product
Firmware	product
 	O
Sinamics	product
S110	product
 	O
Sinamics	product
S110pn	product
 	O
Sinamics	product
S110pn	product
Firmware	product
 	O
Sinamics	product
S120	product
 	O
Sinamics	product
S120	product
Firmware	product
 	O
Sinamics	product
S120cm	product
 	O
Sinamics	product
S150	product
 	O
Sinamics	product
S150	product
Firmware	product
 	O
Sinamics	product
S150	product
V4.7	product
 	O
Sinamics	product
S150	product
V4.7	product
Firmware	product
 	O
Sinamics	product
S150	product
V4.8	product
 	O
Sinamics	product
S150	product
V4.8	product
Firmware	product
 	O
Sinamics	product
V90	product
W.	product
Pn	product
 	O
Sinamics	product
V90	product
W.	product
Pn	product
Firmware	product
 	O
Sinamics	product
V90pn	product
 	O
Sinamics	product
V90pn	product
Firmware	product
 	O
Sinaut	product
St7cc	product
 	O
Sinema	product
Remote	product
Connect	product
 	O
Sinema	product
Remote	product
Connect	product
Server	product
 	O
Sinema	product
Server	product
 	O
Sinumerik	product
808d	product
Programming	product
Tool	product
 	O
Sinumerik	product
828d	product
 	O
Sinumerik	product
828d	product
Firmware	product
 	O
Sinumerik	product
840d	product
Sl	product
 	O
Sinumerik	product
840d	product
Sl	product
Firmware	product
 	O
Sinumerik	product
Integrate	product
Access	product
Mymachine/ethernet	product
 	O
Sinumerik	product
Integrate	product
Operate	product
Client	product
 	O
Sinumerik	product
Operate	product
 	O
Sipass	product
Integrated	product
 	O
Siprotec	product
4	product
 	O
Siprotec	product
4	product
En100	product
 	O
Siprotec	product
Compact	product
 	O
Siprotec	product
Compact	product
Model	product
 	O
Siprotec	product
Compact	product
Model	product
7rw80	product
 	O
Siprotec	product
Compact	product
Model	product
7sd80	product
 	O
Siprotec	product
Compact	product
Model	product
7sj80	product
 	O
Siprotec	product
Compact	product
Model	product
7sj81	product
 	O
Siprotec	product
Compact	product
Model	product
7sk80	product
 	O
Siprotec	product
Compact	product
Model	product
7sk81	product
 	O
Siprotec	product
Compact	product
Model	product
En100	product
 	O
Siprotec	product
Firmware	product
 	O
Sirius	product
Act	product
3su1	product
 	O
Sirius	product
Act	product
3su1	product
Firmware	product
 	O
Sirius	product
Motor	product
Starter	product
M200d	product
Profinet	product
 	O
Sirius	product
Motor	product
Starter	product
M200d	product
Profinet	product
Firmware	product
 	O
Sirius	product
Soft	product
Starter	product
3rw44	product
Pn	product
 	O
Sirius	product
Soft	product
Starter	product
3rw44	product
Pn	product
Firmware	product
 	O
Sirius	product
Soft	product
Starter	product
3rw44pn	product
 	O
Sirius	product
Soft	product
Starter	product
3rw44pn	product
Firmware	product
 	O
Sitop	product
Psu8600	product
 	O
Sitop	product
Psu8600	product
Firmware	product
 	O
Sm-2556	product
 	O
Sm-2556	product
Firmware	product
 	O
Smart	product
Pc	product
Access	product
 	O
Softnet	product
Profinet	product
Io	product
 	O
Softnet	product
Profinet	product
Io	product
Firmware	product
 	O
Softnet	product
Security	product
Client	product
 	O
Spc4000	product
 	O
Spc4000	product
Firmware	product
 	O
Spc5000	product
 	O
Spc5000	product
Firmware	product
 	O
Spc6000	product
 	O
Spc6000	product
Firmware	product
 	O
Spcanywhere	product
 	O
Speedstream	product
5200	product
 	O
Speedstream	product
6520	product
 	O
Speedstream	product
Wireless	product
Router	product
 	O
Starter	product
 	O
Synco	product
Ozw	product
Web	product
Server	product
 	O
Synco	product
Ozw	product
Web	product
Server	product
Firmware	product
 	O
Talon	product
Tc	product
Bacnet	product
Automation	product
Controller	product
 	O
Tecnomatix	product
Factorylink	product
 	O
Telecontrol	product
Basic	product
 	O
Ups1600	product
Profinet	product
 	O
Ups1600	product
Profinet	product
Firmware	product
 	O
Viewport	product
For	product
Web	product
Office	product
Portal	product
 	O
Wincc	product
 	O
Wincc	product
Flexible	product
 	O
Wincc	product
Flexible	product
Runtime	product
 	O
Wincc	product
Runtime	product
Advanced	product
 	O
Wincc	product
Tia	product
Portal	product
 	O
Xhq	product
Server	product
 	O
